[
  {
    "extension": "revapi.differences",
    "id": "differences",
    "configuration": {
      "differences": [
        {
          "ignore": true,
          "code": "java.annotation.attributeValueChanged",
          "old": "class io.camunda.zeebe.client.protocol.rest.Changeset",
          "justification": "Inclusion of the User Task Priority field in UpdateUserTaskCommand's Changeset. No compatibility issues expected.",
          "newValue": "{\"dueDate\", \"followUpDate\", \"candidateUsers\", \"candidateGroups\", \"priority\"}",
          "oldValue": "{\"dueDate\", \"followUpDate\", \"candidateUsers\", \"candidateGroups\"}"
        }
      ]
    }
  }
]
