[
  {
    "extension": "revapi.filter",
    "id": "filter",
    "configuration": {
      "archives": {
        "justification": "Ignore everything not included in the module itself",
        "include": [
          "io\\.camunda:zeebe-client-java:.*"
        ]
      },
      "elements": {
        "exclude": [
          {
            "justification": "The implementation package is not meant to be used directly, and as such does not need to maintain any backwards compatibility guarantees.",
            "matcher": "java-package",
            "match": "/io\\.camunda\\.zeebe\\.client\\.impl(\\..*)?/"
          }
        ]
      }
    }
  },
  {
    "extension": "revapi.differences",
    "id": "differences",
    "configuration": {
      "differences": [
        {
          "justification": "Ignore new methods on all types, as these are not meant to be implemented but simply consumed; as such, new methods are perfectly fine to add",
          "code": "java.method.addedToInterface"
        },
        {
          "ignore": true,
          "code": "java.annotation.removed",
          "annotationType": "io.camunda.zeebe.client.api.ExperimentalApi",
          "justification": "The ExperimentalApi annotation is used to mark methods as 'in-development'. It is okay to remove it after a feature is implemented"
        },
        {
          "ignore": true,
          "code": "java.annotation.attributeValueChanged",
          "annotationType": "io.camunda.zeebe.client.api.ExperimentalApi",
          "justification": "The ExperimentalApi annotation is used to mark methods as 'in-development'. It is okay to change value field"
        },
        {
          "ignore": true,
          "code": "java.method.removed",
          "old": "method io.camunda.zeebe.client.protocol.rest.UserTaskUpdateRequest io.camunda.zeebe.client.protocol.rest.UserTaskUpdateRequest::changeset(io.camunda.zeebe.client.protocol.rest.UserTaskUpdateRequestChangeset)",
          "justification": "The classes/methods are only internal and are not user-facing, and as such does not need to maintain any backwards compatibility guarantees."

        },
        {
          "ignore": true,
          "code": "java.method.returnTypeChanged",
          "old": "method io.camunda.zeebe.client.protocol.rest.UserTaskUpdateRequestChangeset io.camunda.zeebe.client.protocol.rest.UserTaskUpdateRequest::getChangeset()",
          "new": "method io.camunda.zeebe.client.protocol.rest.Changeset io.camunda.zeebe.client.protocol.rest.UserTaskUpdateRequest::getChangeset()",
          "justification": "The classes/methods are only internal and are not user-facing, and as such does not need to maintain any backwards compatibility guarantees."
        },
        {
          "ignore": true,
          "code": "java.method.removed",
          "old": "method void io.camunda.zeebe.client.protocol.rest.UserTaskUpdateRequest::setChangeset(io.camunda.zeebe.client.protocol.rest.UserTaskUpdateRequestChangeset)",
          "justification": "The classes/methods are only internal and are not user-facing, and as such does not need to maintain any backwards compatibility guarantees."
        },
        {
          "ignore": true,
          "code": "java.class.removed",
          "old": "class io.camunda.zeebe.client.protocol.rest.UserTaskUpdateRequestChangeset",
          "justification": "The classes/methods are only internal and are not user-facing, and as such does not need to maintain any backwards compatibility guarantees."
        }
      ]
    }
  }
]
